year,seed_code,la_code,la_name,school_name,school_type,stage,measure,value,chart_label
2020/21,5135834,270,Highland,Mallaig High School,Secondary,All Stages,Attendance,90.7%,
2020/21,5135834,270,Highland,Mallaig High School,Secondary,All Stages,Authorised Absence,7%,
2020/21,5135834,270,Highland,Mallaig High School,Secondary,All Stages,Unauthorised Absence,2.3%,
2020/21,5135834,270,Highland,Mallaig High School,Secondary,All Stages,Temporary Exclusions,0%,
2022/23,5135834,270,Highland,Mallaig High School,Secondary,All Stages,Attendance,89.3%,
2022/23,5135834,270,Highland,Mallaig High School,Secondary,All Stages,Authorised Absence,6.6%,
2022/23,5135834,270,Highland,Mallaig High School,Secondary,All Stages,Unauthorised Absence,4.1%,
2022/23,5135834,270,Highland,Mallaig High School,Secondary,All Stages,Temporary Exclusions,0%,
2023/24,5135834,270,Highland,Mallaig High School,Secondary,All Stages,Attendance,87.3%,
2023/24,5135834,270,Highland,Mallaig High School,Secondary,All Stages,Authorised Absence,7.7%,
2023/24,5135834,270,Highland,Mallaig High School,Secondary,All Stages,Unauthorised Absence,5%,
2023/24,5135834,270,Highland,Mallaig High School,Secondary,All Stages,Temporary Exclusions,0%,
2023/24,5135834,270,Highland,Mallaig High School,Secondary,S1,Attendance,88.9%,
2023/24,5135834,270,Highland,Mallaig High School,Secondary,S1,Authorised Absence,6.4%,
2023/24,5135834,270,Highland,Mallaig High School,Secondary,S1,Unauthorised Absence,4.6%,
2023/24,5135834,270,Highland,Mallaig High School,Secondary,S1,Temporary Exclusions,0%,
2023/24,5135834,270,Highland,Mallaig High School,Secondary,S2,Attendance,88.7%,
2023/24,5135834,270,Highland,Mallaig High School,Secondary,S2,Authorised Absence,9.3%,
2023/24,5135834,270,Highland,Mallaig High School,Secondary,S2,Unauthorised Absence,2%,
2023/24,5135834,270,Highland,Mallaig High School,Secondary,S2,Temporary Exclusions,0%,
2023/24,5135834,270,Highland,Mallaig High School,Secondary,S3,Attendance,81.3%,
2023/24,5135834,270,Highland,Mallaig High School,Secondary,S3,Authorised Absence,12.2%,
2023/24,5135834,270,Highland,Mallaig High School,Secondary,S3,Unauthorised Absence,6.5%,
2023/24,5135834,270,Highland,Mallaig High School,Secondary,S3,Temporary Exclusions,0%,
2023/24,5135834,270,Highland,Mallaig High School,Secondary,S4,Attendance,91.8%,
2023/24,5135834,270,Highland,Mallaig High School,Secondary,S4,Authorised Absence,5.8%,
2023/24,5135834,270,Highland,Mallaig High School,Secondary,S4,Unauthorised Absence,2.4%,
2023/24,5135834,270,Highland,Mallaig High School,Secondary,S4,Temporary Exclusions,0%,
2023/24,5135834,270,Highland,Mallaig High School,Secondary,S5,Attendance,91.9%,
2023/24,5135834,270,Highland,Mallaig High School,Secondary,S5,Authorised Absence,4.9%,
2023/24,5135834,270,Highland,Mallaig High School,Secondary,S5,Unauthorised Absence,3.2%,
2023/24,5135834,270,Highland,Mallaig High School,Secondary,S5,Temporary Exclusions,0%,
2023/24,5135834,270,Highland,Mallaig High School,Secondary,S6,Attendance,82%,
2023/24,5135834,270,Highland,Mallaig High School,Secondary,S6,Authorised Absence,4.1%,
2023/24,5135834,270,Highland,Mallaig High School,Secondary,S6,Unauthorised Absence,13.9%,
2023/24,5135834,270,Highland,Mallaig High School,Secondary,S6,Temporary Exclusions,0%,
2016/17,5135834,270,Highland,Mallaig High School,Secondary,All Stages,Attendance,92%,
2016/17,5135834,270,Highland,Mallaig High School,Secondary,All Stages,Authorised Absence,5%,
2016/17,5135834,270,Highland,Mallaig High School,Secondary,All Stages,Unauthorised Absence,3%,
2016/17,5135834,270,Highland,Mallaig High School,Secondary,All Stages,Temporary Exclusions,z,z
2012/13,5135834,270,Highland,Mallaig High School,Secondary,All Stages,Attendance,93%,
2012/13,5135834,270,Highland,Mallaig High School,Secondary,All Stages,Authorised Absence,4.6%,
2012/13,5135834,270,Highland,Mallaig High School,Secondary,All Stages,Unauthorised Absence,2.4%,
2012/13,5135834,270,Highland,Mallaig High School,Secondary,All Stages,Temporary Exclusions,z,z
2008/09,5135834,270,Highland,Mallaig High School,Secondary,All Stages,Attendance,92.7%,
2008/09,5135834,270,Highland,Mallaig High School,Secondary,All Stages,Authorised Absence,5.2%,
2008/09,5135834,270,Highland,Mallaig High School,Secondary,All Stages,Unauthorised Absence,2.1%,
2008/09,5135834,270,Highland,Mallaig High School,Secondary,All Stages,Temporary Exclusions,z,z
2018/19,5135834,270,Highland,Mallaig High School,Secondary,All Stages,Attendance,93.5%,
2018/19,5135834,270,Highland,Mallaig High School,Secondary,All Stages,Authorised Absence,4.6%,
2018/19,5135834,270,Highland,Mallaig High School,Secondary,All Stages,Unauthorised Absence,2%,
2018/19,5135834,270,Highland,Mallaig High School,Secondary,All Stages,Temporary Exclusions,z,z
2014/15,5135834,270,Highland,Mallaig High School,Secondary,All Stages,Attendance,94.3%,
2014/15,5135834,270,Highland,Mallaig High School,Secondary,All Stages,Authorised Absence,3.9%,
2014/15,5135834,270,Highland,Mallaig High School,Secondary,All Stages,Unauthorised Absence,1.8%,
2014/15,5135834,270,Highland,Mallaig High School,Secondary,All Stages,Temporary Exclusions,z,z
2010/11,5135834,270,Highland,Mallaig High School,Secondary,All Stages,Attendance,93.3%,
2010/11,5135834,270,Highland,Mallaig High School,Secondary,All Stages,Authorised Absence,4.9%,
2010/11,5135834,270,Highland,Mallaig High School,Secondary,All Stages,Unauthorised Absence,1.8%,
2010/11,5135834,270,Highland,Mallaig High School,Secondary,All Stages,Temporary Exclusions,z,z
